<?xml version="1.0" encoding="UTF-8"?>
<Package xmlns="urn:diagnosticshub-package-metadata-2-1">
  <Tools>
    <Tool Id="{96F1F3E8-F762-4CD2-8ED9-68EC25C2C722}" />
  </Tools>
  <Content>
    <Resource CompressionOption="norm" Id="{FD836F6F-61D8-4C4C-AD60-FC0D67B3C545}" IsDirectoryOnDisk="false" Name="143AC2E3-B251-45C4-851E-3646055077A2.etl" ResourcePackageUriPrefix="FD836F6F-61D8-4C4C-AD60-FC0D67B3C545" TimeAddedUTC="131967930439780789" Type="DiagnosticsHub.Resource.EtlFile" />
    <Resource CompressionOption="norm" Id="{74C7BD46-92FF-4692-8586-ADC18C68E9A4}" IsDirectoryOnDisk="true" Name="SymCache" ResourcePackageUriPrefix="74C7BD46-92FF-4692-8586-ADC18C68E9A4" TimeAddedUTC="131967930439780789" Type="DiagnosticsHub.Resource.SymbolCache" />
  </Content>
  <Metadata />
</Package>