<?xml version="1.0" encoding="UTF-8"?>
<Package xmlns="urn:diagnosticshub-package-metadata-2-1">
  <Tools>
    <Tool Id="{96F1F3E8-F762-4CD2-8ED9-68EC25C2C722}" />
  </Tools>
  <Content>
    <Resource CompressionOption="norm" Id="{6FCEF521-92FA-4002-B37D-A156C0C1D5A4}" IsDirectoryOnDisk="false" Name="7FB0C81E-D5DE-40ED-A298-37BA483836C4.etl" ResourcePackageUriPrefix="6FCEF521-92FA-4002-B37D-A156C0C1D5A4" TimeAddedUTC="131868484168342733" Type="DiagnosticsHub.Resource.EtlFile" />
    <Resource CompressionOption="norm" Id="{849094FB-D35E-47DC-A1FA-65B165787C26}" IsDirectoryOnDisk="true" Name="SymCache" ResourcePackageUriPrefix="849094FB-D35E-47DC-A1FA-65B165787C26" TimeAddedUTC="131868484168362695" Type="DiagnosticsHub.Resource.SymbolCache" />
  </Content>
  <Metadata />
</Package>